Word count limit ratio,Long sentences,Voice,Tense,Spell errors,Grammatical Errors,SS Essay,SS Topic Essay,Vocabulary,Score
0.17,0.564102564,0.991666667,0.5625,0.048192771,0.016566265,1.488480063,1.042491198,0.2225,34
0.025,0.833333333,0.981308411,0.43373494,0,0.016666667,1.236277504,1.270454639,0.2875,46
0.06,0.641025641,0.991735537,0.362573099,0.007075472,0.021226415,1.41799788,1.092194196,0.2975,40
0.11875,0.6,0.96969697,0.448717949,0,0.089361702,1.360562929,1.229130289,0.2225,30
0.19375,0.769230769,1,0.519553073,0.060465116,0.119379845,2.227734987,0.945283871,0.185,26
0.1325,0.222222222,0.981481481,0.693181818,0.004322767,0.113832853,1.145298531,1.035851834,0.24,40
0.0275,0.097560976,1,0.443243243,0.010948905,0.02919708,0.987726372,1.225848525,0.35375,40
0.63625,0.529411765,1,0.58490566,0,0.037800687,0.940239721,0.935538598,0.095,34
0.08375,0.479166667,0.990291262,0.51369863,0.005457026,0.004092769,1.149649794,1.270142296,0.2875,41
0.33,0.325,0.985915493,0.526315789,0,0.016791045,0.952464944,1.137719444,0.2275,40
0.45125,0.777777778,0.93877551,0.385542169,0.043280182,0.025056948,1.079711327,1.006423433,0.21,31
0.02,0.810810811,1,0.377906977,0.007352941,0.034313725,0.944711861,1.131944347,0.37625,44
0.01875,0.941176471,0.99270073,0.413043478,0.029447853,0.080981595,1.46734856,1.167085118,0.2325,31
0.30125,0.64516129,1,0.476190476,0.032200358,0.037567084,1.454347876,1.113045936,0.175,36
0.04625,0.425925926,0.991150442,0.474025974,0.003931848,0.031454784,0.917834735,1.098080649,0.3325,43
0.83625,0.75,1,0.375,0,0.129770992,0.78043122,0.586210317,0.05625,20
0.11125,0.512195122,0.979166667,0.329032258,0.00140647,0.036568214,1.055606751,1.146514835,0.28375,45
0.34,0.368421053,0.987804878,0.440366972,0,0.024621212,1.295558611,1.134456554,0.2,40
0.08125,0.307692308,0.991150442,0.537414966,0.004081633,0.021768707,1.320653375,1.250257977,0.24625,30
0.65,0.066666667,1,0.857142857,0,0.010714286,1.248977434,1.030583418,0.1225,35
0.2125,0.785714286,0.98630137,0.3671875,0,0.011111111,1.234710801,1.119274585,0.2475,40
0.06,0.409836066,0.973684211,0.532258065,0.005896226,0.083726415,1.205800801,1.152455931,0.33625,42
0.4025,0.857142857,1,0.389830508,0.054393305,0.108786611,1.422794974,0.630490932,0.2125,34
0.055,0.75,0.983606557,0.354497354,0.039099526,0.078199052,1.336026444,1.237464069,0.2675,33
0.555,0.545454545,1,0.355263158,0.002808989,0.014044944,0.957380014,1.081864359,0.15875,38
0.14,0.65,0.973451327,0.446540881,0.033430233,0.040697674,1.533374772,1.266685631,0.2425,36
0.2325,0.513513514,0.965517241,0.492957746,0,0.01465798,1.248953483,1.186062244,0.245,45
0.03625,0.666666667,0.984615385,0.484848485,0,0.021712907,1.564739353,1.227147365,0.2575,31
0.7175,0.294117647,0.96969697,0.510204082,0,0.030973451,1.082259655,0.90910461,0.09375,30
0.07875,0.944444444,1,0.420689655,0,0.036635007,1.113925754,1.29747077,0.27,34
0.09125,0.740740741,1,0.442424242,0.004126547,0.034387895,1.5710476,1.262378897,0.1825,33
0.06125,0.35483871,1,0.417391304,0,0.025912839,1.512294012,1.26090697,0.21625,40
0.0825,0.25,1,0.611842105,0.002724796,0.04359673,1.014300579,1.067492104,0.29875,47
0.04375,0.5,0.972222222,0.481081081,0.008383234,0.013173653,1.290204765,1.175067199,0.29625,30
0.05875,0.37704918,0.983333333,0.405128205,0.001180638,0.028335301,1.168917793,1.260129107,0.315,40
0.43125,0.545454545,0.970149254,0.391752577,0.01978022,0.054945055,1.187952704,1.061190905,0.17125,32
0.055,0.433962264,0.957264957,0.470588235,0.005924171,0.013033175,1.439835547,1.217447572,0.305,40
0.62,1,0.975,0.5,0,0.049342105,0.869485489,0.736081749,0.11375,30
0.05875,0.553191489,0.962616822,0.428571429,0.008264463,0.025974026,1.197510596,1.189842941,0.36125,40
0.04,0.357142857,0.96,0.5,0,0.026442308,1.036518988,1.199921815,0.36375,45
0.185,0.25,0.947916667,0.426900585,0,0.049079755,1.086517758,1.14749764,0.26375,45
0.055,0.403846154,0.927272727,0.368421053,0.001184834,0.023696682,1.267509147,1.277373024,0.33625,45
0.04,0.1875,0.963636364,0.470899471,0.002403846,0.069711538,0.919168611,1.171151357,0.38625,50
0.4475,0.541666667,0.970149254,0.378947368,0,0.002262443,1.25627467,1.06836737,0.15,39
0.55125,0.259259259,0.984375,0.590909091,0.008356546,0.030640669,1.089625457,0.925219653,0.1625,33
0.31875,0.433333333,1,0.565217391,0.001834862,0.071559633,1.372903489,1.04169918,0.165,33
0.40375,0.23255814,0.971014493,0.43,0,0.023060797,1.14878157,1.04916077,0.1775,34
0.3125,0.678571429,0.987341772,0.523076923,0,0.014545455,1.596370533,1.02071956,0.15625,40
0.60125,0.923076923,1,0.567164179,0.043887147,0.053291536,1.225995981,0.89467565,0.12375,33
0.18125,0.6,0.98989899,0.40625,0.004580153,0.009160305,1.357368893,1.120572052,0.225,33
0.39375,0.255813953,0.988095238,0.448598131,0.004123711,0.059793814,0.947612332,1.028509541,0.195,40
0.24875,0.633333333,1,0.411290323,0.009983361,0.051580699,1.034621465,1.103680818,0.25375,36
0.1875,0.8125,0.978494624,0.393939394,0,0.012307692,1.108055818,1.223096348,0.24125,37
0.06125,0.675,0.98,0.613924051,0,0.029294274,1.15688587,1.137294493,0.3025,40
0.27625,0.279069767,0.97260274,0.555555556,0,0.015544041,0.988791593,1.129039365,0.27,33
0.2225,0.461538462,0.9625,0.582733813,0.001607717,0.009646302,1.414769922,1.181510275,0.18125,37
0.38625,0.548387097,0.985074627,0.371134021,0.00203666,0.018329939,0.985057467,1.136418748,0.2225,42
0.54125,0.206896552,0.98,0.777777778,0.005449591,0.013623978,1.068940777,1.024763555,0.1325,40
0.29375,0.529411765,1,0.381679389,0,0.012389381,1.27754878,1.251688275,0.235,40
0.59375,0.409090909,0.977272727,0.5,0.003076923,0.006153846,1.190354143,1.046905073,0.13875,38
0.64375,0.068965517,1,0.357142857,0.014035088,0.038596491,0.906014002,0.851600792,0.12625,31
0.01,0.357142857,0.982608696,0.483333333,0,0.01010101,1.11083496,1.287297689,0.335,42
0.20375,0.472222222,0.965517241,0.496350365,0,0.007849294,1.330215957,1.153993146,0.2225,40
0.24125,0.621621622,0.988888889,0.422818792,0,0.016474465,1.372244964,1.133288475,0.2025,35
0.0575,0.228571429,0.983050847,0.458333333,0.001182033,0.043735225,1.201826711,1.292386228,0.38625,35
0.7075,0.5,1,0.454545455,0,0.034188034,0.786746869,0.737339014,0.10625,33
0.295,0.311111111,0.987341772,0.345323741,0.005319149,0.056737589,1.090125102,1.044536577,0.20375,33
0.0375,0.903225806,0.991935484,0.451282051,0,0.024096386,1.518542804,1.106890458,0.21875,30
0.49375,0.7,0.924528302,0.47826087,0.002469136,0.032098765,1.045060802,0.97606871,0.18875,37
0.47,0.571428571,0.984375,0.408163265,0.004716981,0.016509434,1.418730097,1.025244466,0.13125,40
0.055,0.627906977,0.991735537,0.394871795,0,0.005924171,1.217635135,1.266492021,0.28875,40
0.28375,0.470588235,0.986666667,0.508064516,0.005235602,0.057591623,1.1603009,1.072125321,0.2325,35
0.4175,0.53125,0.955223881,0.449152542,0.012875536,0.036480687,1.301070624,1.05361421,0.1725,35
0.265,0.325581395,0.977011494,0.488721805,0.025510204,0.025510204,1.34494512,1.115155021,0.21,31
0.045,0.392857143,0.956521739,0.411167513,0,0.029904306,1.402797422,1.291987108,0.3075,40
0.06,0.314285714,0.962962963,0.489473684,0.001179245,0.038915094,1.188240127,1.20949887,0.33375,40
0.425,0.708333333,0.971014493,0.60952381,0.030434783,0.017391304,1.332912693,1.107594446,0.18125,36
0.04375,0.207792208,0.973214286,0.422459893,0.010778443,0.019161677,1.2018578,1.220852459,0.34875,32
0.06,0.75,1,0.55,0.018617021,0.017287234,1.838544561,1.330171059,0.16625,31
0.67625,0.315789474,1,0.451612903,0.007722008,0.042471042,0.867037809,0.801779019,0.11125,30
0.05,0.8,0.958333333,0.396449704,0.002380952,0.026190476,1.268325427,1.068739522,0.2975,32
0.58375,0.529411765,0.967213115,0.576470588,0.003003003,0.027027027,1.660276668,0.938746475,0.11375,30
0.04125,0.307692308,0.956989247,0.490797546,0.004801921,0.033613445,0.881353677,1.303175922,0.43375,55
0.0725,0.446808511,0.990566038,0.462962963,0.009433962,0.006738544,1.148367834,1.231833124,0.28375,45
0.035,0.547619048,0.93814433,0.467065868,0.002590674,0.044041451,1.246716452,1.188731375,0.37,41
0.32125,0.127659574,0.983870968,0.616666667,0,0.011049724,1.462966533,1.237811772,0.21375,45
0.35875,0.483870968,1,0.53125,0.005847953,0.023391813,1.349905056,1.158741249,0.12375,33
0.1775,0.156626506,0.978021978,0.55,0.041033435,0.015197568,0.974300851,1.131440858,0.3025,60
0.245,0.28,0.977011494,0.493243243,0,0.041390728,1.163108999,1.095405827,0.2575,45
0.6875,0.583333333,1,0.679245283,0.012,0.088,1.134837069,1.014403542,0.1,28
0.2725,0.285714286,0.971014493,0.513043478,0.017182131,0.034364261,0.814837078,1.008258064,0.3225,49
0.225,0.513513514,0.988235294,0.349593496,0.003225806,0.016129032,1.134279342,1.21867645,0.205,33
0.6325,0.888888889,1,0.661764706,0.010204082,0.013605442,1.038572769,0.731134595,0.08,29
0.02625,0.444444444,0.967479675,0.513812155,0,0.020539153,1.640031745,1.210879293,0.23375,36
0.19875,0.105263158,0.976470588,0.3875,0,0.03900156,1.134198943,1.154823997,0.2525,40
0.2025,0.527777778,0.986666667,0.401709402,0,0.001567398,1.144674928,1.186364423,0.25,40
0.35125,0.6,1,0.385321101,0.003853565,0.011560694,1.353745263,1.267478043,0.1725,40
0.65125,0.421052632,1,0.407407407,0.017921147,0.017921147,1.331965675,0.959724919,0.09,27
0.78125,1,0.961538462,0.605263158,0.051428571,0.057142857,0,0,0.0725,24
0.60375,0.434782609,0.976744186,0.384615385,0,0.044164038,1.139609845,1.022571541,0.13125,32
0.1775,0.5,0.988095238,0.425373134,0.003039514,0.047112462,1.021944443,1.132049333,0.2525,33
0.06125,0.568181818,0.931623932,0.434554974,0.001177856,0.035335689,1.145005324,1.13399067,0.37125,40
0.035,0.316666667,0.98019802,0.411764706,0.013285024,0.060386473,1.204528687,1.167558723,0.3225,30
0.30125,0.432432432,1,0.409090909,0,0.025044723,1.283404509,1.14683236,0.21125,34
0.3275,0.558823529,0.96,0.467741935,0,0.00929368,1.322149277,1.175054529,0.16,35
0.05875,0.541666667,0.990740741,0.410526316,0.001180638,0.005903188,1.385511127,1.239910037,0.27125,30
0.06,0.875,1,0.532163743,0,0.015330189,1.400435074,1.16085825,0.2675,44
0.705,0.5,1,0.489361702,0.025423729,0.050847458,1.009479667,0.85324122,0.105,31
0.43625,0.533333333,1,0.40625,0.002217295,0.028824834,1.307324417,1.023588753,0.1525,32
0.3425,0.388888889,0.983333333,0.420168067,0.001901141,0.009505703,0.990861435,1.091582106,0.24625,40
0.35375,0.636363636,0.957142857,0.392,0.013539652,0.098646035,1.061848526,0.998662668,0.23875,32
0.525,0.384615385,0.977272727,0.382352941,0.013157895,0.013157895,1.061570478,1.175021968,0.19,40
0.27875,0.395348837,0.987654321,0.385185185,0.005199307,0.093587522,1.106766833,1.093475299,0.2225,36
0.05875,0.428571429,0.984615385,0.560386473,0.002361275,0.010625738,1.4382102,1.224633526,0.2925,43
0.37,0.576923077,0.985074627,0.405405405,0.011904762,0.007936508,1.127141271,1.223323414,0.22375,36
0.36,0.517241379,1,0.356521739,0.00390625,0.033203125,1.070314679,1.089624439,0.19875,40
0.05375,0.306451613,0.982142857,0.488235294,0.001321004,0.018494055,1.125694342,1.272685516,0.3,45
0.355,0.46875,0.986666667,0.451327434,0.007751938,0.046511628,1.313933281,1.150420816,0.1875,36
0.035,0.452830189,0.965811966,0.528205128,0.002415459,0.007246377,1.377268403,1.300909059,0.24875,38
0.04375,0.288135593,0.990825688,0.379518072,0.002614379,0.014379085,1.305130582,1.198953065,0.28,37
0.035,0.185714286,0.991452991,0.430051813,0.001295337,0.038860104,1.275709109,1.26793762,0.2725,36
0.63875,0.388888889,1,0.426470588,0.006920415,0.020761246,1.042929075,0.881038901,0.13875,31
0.91875,0.5,1,0.6875,0.061538462,0.015384615,1.186122134,0.427709559,0.03125,20
0.23875,0.372093023,0.974025974,0.398648649,0.001642036,0.02955665,1.323827818,1.149671988,0.2775,38
0.3675,1,1,0.651376147,0.110671937,0.086956522,0.968197407,0.638195172,0.21375,32
0.11,0.71875,0.956989247,0.357142857,0.001404494,0.004213483,1.589956412,1.149882525,0.225,37
0.23375,0.555555556,0.988095238,0.483606557,0.024469821,0.016313214,1.031728044,1.138482194,0.235,40
0.14875,0.653846154,1,0.352272727,0.002936858,0.033773862,1.484134989,1.136427568,0.24625,35
0.2125,0.708333333,0.969230769,0.408333333,0,0.006349206,0.961914557,1.020729761,0.30125,40
0.00625,0.735294118,0.991150442,0.406417112,0.002515723,0.040251572,1.308710025,1.082292262,0.26625,28
0.04375,0.407407407,0.988095238,0.370860927,0.013071895,0.016993464,1.033258379,1.242385525,0.31375,38
0.405,0.448275862,0.963636364,0.349514563,0,0.025210084,1.380966627,1.014695496,0.1775,36
0.1475,0.694444444,0.910447761,0.433333333,0.007331378,0.002932551,1.271258552,1.15021336,0.2525,43
0.575,0.666666667,0.951219512,0.352941176,0,0.020588235,0.917857711,0.941365677,0.13625,34
0.38625,1,0.974025974,0.62295082,0.030549898,0.034623218,1.034338902,0.726061207,0.18375,32
0.12,0.476190476,0.961038961,0.34965035,0.001420455,0.014204545,1.12919745,1.274645286,0.33,50
0.3375,0.642857143,1,0.441441441,0,0.016981132,1.03806613,1.11738734,0.21,40
0.35375,0.95,1,0.409090909,0.007736944,0.017408124,1.011909413,1.04306863,0.225,40
0.48375,0.416666667,0.945454545,0.426966292,0.00968523,0.041162228,1.254004937,1.044980309,0.165,37
0.08,0.441860465,0.954545455,0.365079365,0.046195652,0.027173913,1.278312161,1.132965161,0.27625,36
0.345,0.454545455,0.984848485,0.330188679,0,0.015267176,1.226220941,1.167628821,0.2025,40
0.76875,0.166666667,1,0.466666667,0,0.064864865,0.843423546,0.751557932,0.09125,30
0.69375,0.086956522,1,0.75,0,0.016326531,1.479153004,0.927087566,0.08125,32
0.06,0.577777778,0.98,0.371134021,0.011792453,0.038915094,1.214163483,1.402750774,0.37375,44
0.0525,0.404255319,0.991935484,0.346733668,0,0.030343008,1.388564358,1.199320036,0.26,37
0.235,0.724137931,0.9875,0.415492958,0.014705882,0.006535948,1.393683083,1.253181628,0.20625,42
0.12125,0.305084746,0.964705882,0.634482759,0.004267425,0.056899004,1.146997939,1.145498704,0.3075,40
0.1575,0.676470588,0.97029703,0.450980392,0.023738872,0.035608309,1.293582845,1.196869733,0.22625,40
0.1875,0.807692308,0.964285714,0.412698413,0.007692308,0.052307692,1.529167444,1.170075048,0.2175,30
0.00875,0.4375,0.992537313,0.554347826,0,0.016109046,1.356260257,1.184436665,0.26625,34
0.49125,0.461538462,0.9,0.549450549,0,0.012285012,1.370967494,1.094227746,0.11625,44
0.07375,0.42,0.956896552,0.467005076,0.021592443,0.043184885,1.323754748,1.110049308,0.2675,36
0.515,0.321428571,0.981132075,0.578313253,0,0.007731959,1.003234823,1.038635645,0.1475,35
0.06,0.613636364,0.971014493,0.443902439,0.001179245,0.017688679,1.525294273,1.344213417,0.26125,34
0.54625,0.545454545,0.983333333,0.511363636,0.074380165,0.027548209,1.224767146,0.989073955,0.1325,32
0.41875,0.216216216,0.983606557,0.401960784,0.017204301,0.034408602,0.996935954,0.98103282,0.23,40
0.34,0.909090909,0.971014493,0.392156863,0,0.015151515,1.19978295,1.185493659,0.18875,34
0.1225,0.466666667,0.99047619,0.375,0.001424501,0.014245014,1.18138479,1.208434304,0.26375,40
0.06125,0.328571429,0.967479675,0.371980676,0.00942285,0.07656066,0.993916766,1.176025563,0.385,40
0,0.757575758,0.980952381,0.397790055,0.00125,0.015,1.244753483,1.287597455,0.30375,37
0.3875,0.243902439,0.985507246,0.376237624,0,0.079591837,1.186695074,1.061740621,0.2025,38
0.51625,0.75,1,0.584415584,0.064599483,0.090439276,0.985417175,0.625631313,0.1275,29
0.70625,0.157894737,0.973684211,0.541666667,0,0.055319149,1.432439228,0.905192496,0.08625,34
0.31625,0.764705882,0.984375,0.484210526,0.007312614,0.027422303,1.127968743,0.920129878,0.18875,32
0.05875,0.638297872,0.949494949,0.451428571,0.011806375,0.018890201,1.132253259,1.299572474,0.3675,43
0.64375,0.666666667,1,0.454545455,0.003508772,0.031578947,0.8739333,0.864458511,0.1275,37
0.26875,0.586206897,0.987012987,0.528301887,0.001709402,0.025641026,1.270089337,1.018626343,0.16625,34
0.7075,0.5,0.966666667,0.647058824,0,0.012820513,0.826226642,0.821242677,0.12375,29
0.4675,0.666666667,0.942307692,0.489583333,0.002347418,0.014084507,1.45687827,0.8809777,0.13375,30
0.08625,0.4375,1,0.32885906,0.001367989,0.017783858,1.103839917,1.184052805,0.32,47
0.055,0.714285714,0.972222222,0.336787565,0,0.018957346,1.371184653,1.366499738,0.2875,36
0.56625,0.185185185,0.958333333,0.485714286,0,0.002881844,1.124991013,0.963168379,0.155,40
0.75,0.555555556,0.962962963,0.577777778,0.045,0.03,0.879698056,0.741205607,0.0975,29
0.06125,0.591836735,0.98245614,0.422360248,0.001177856,0.012956419,1.342336507,1.163252546,0.315,40
0.02625,0.285714286,1,0.467836257,0.007308161,0.042630938,1.120161074,1.260975862,0.29375,41
0.225,0.575757576,0.95,0.547826087,0,0.001612903,1.282128375,1.203879795,0.27375,40
0.38,0.666666667,0.985714286,0.360824742,0,0.014112903,1.349261781,1.147746065,0.16625,32
0.1175,0.621621622,0.980952381,0.444444444,0.015580737,0.011331445,1.264119413,1.141712742,0.28125,40
0.1975,0.513513514,0.957894737,0.49044586,0.001557632,0.026479751,1.171258789,1.108651173,0.2375,44
0.1,0.365384615,0.990384615,0.419354839,0,0.0625,1.281977767,1.208670309,0.22375,34
0.575,0.777777778,1,0.519480519,0,0.014705882,1.14346934,0.986767435,0.11375,31
0.45,0.65,0.982142857,0.555555556,0,0.015909091,0.992481376,0.895047899,0.18625,40
0.37625,0.279069767,0.957142857,0.435897436,0,0.004008016,1.232940029,1.157302567,0.22,40
0.06125,0.114583333,0.987421384,0.506849315,0.001177856,0.09540636,1.384072618,1.076481991,0.29125,40
0.1025,0.147058824,1,0.478527607,0.005571031,0.019498607,1.184298482,1.240568364,0.275,31
0.38625,1,0.971428571,0.358974359,0.052953157,0.046843177,0.743641775,0.225925926,0.1325,29
0.10375,0.512195122,0.979166667,0.402597403,0.0027894,0.012552301,1.378826642,1.219604911,0.3,43
0.03875,0.338983051,0.99009901,0.372093023,0.00130039,0.042912874,1.009086628,1.120960405,0.3375,40
0.0575,0.236111111,0.969924812,0.52970297,0.013002364,0.014184397,1.463738513,1.211464621,0.26875,40
0.07875,0.466666667,1,0.50931677,0,0.014925373,1.537139796,1.307228981,0.205,36
0.325,0.457142857,0.971014493,0.516393443,0.005555556,0.018518519,1.062544612,1.094371667,0.245,31
0.6675,0.315789474,1,0.584615385,0.244360902,0.116541353,1.0785127,0.872439095,0.1225,15
0.0575,0.714285714,0.990990991,0.43452381,0,0.005910165,1.250632755,1.192972572,0.2825,40
0.445,0.303030303,0.929824561,0.520833333,0,0.031531532,1.350177308,1.035249962,0.14875,36
0.01625,0.634146341,0.960784314,0.426229508,0.003690037,0.002460025,1.116935615,1.259663108,0.35625,45
0.3625,0.342857143,0.986666667,0.420168067,0.005882353,0.066666667,1.027522579,1.011967194,0.25125,35
0.01625,0.470588235,0.979381443,0.407643312,0.001270648,0.011435832,1.284686644,1.299310391,0.31625,45
0.06,0.942857143,0.961904762,0.561797753,0.033018868,0.004716981,1.287334169,1.316145218,0.37875,40
0.1375,0.513513514,0.978723404,0.355704698,0,0.005797101,1.190000026,1.201819228,0.26,40
0.0575,0.666666667,0.968992248,0.534313725,0.003546099,0.061465721,1.206689825,1.212967217,0.3025,36
0.78,0.571428571,1,0.488372093,0,0.034090909,0.634018697,0.614708844,0.08,28
0.12875,0.730769231,1,0.429487179,0.018651363,0.007173601,1.542524633,1.2200037,0.2075,40
0.40125,1,0.910714286,0.313131313,0.002087683,0.022964509,0.998568932,0.590377566,0.17125,20
0.04,0.541666667,0.973214286,0.390532544,0.00390625,0.037760417,1.55340127,1.201491937,0.23125,36
0.15125,0.621621622,0.947368421,0.547619048,0,0.014727541,1.080693228,1.210130789,0.31125,46
0.59,0.25,1,0.4,0,0.048780488,1.111322351,1.008328151,0.135,32
0.2825,0.733333333,1,0.443548387,0,0.008710801,1.271639434,1.123256118,0.22875,41
0.045,0.583333333,0.978947368,0.406451613,0.001196172,0.016746411,1.421407069,1.317319745,0.34125,44
0.30375,0.75,0.986842105,0.564814815,0.001795332,0.021543986,1.08898993,1.094398932,0.21625,36
0.0525,0.191780822,0.952,0.434343434,0.007125891,0.042755344,1.364941911,1.268374688,0.30625,42
0.0025,0.338983051,1,0.547368421,0.002493766,0.017456359,1.516315176,1.410944489,0.275,42
0.37375,0.928571429,1,0.421052632,0.037924152,0.053892216,1.104059526,1.01043493,0.20375,31
0.615,0.625,1,0.631578947,0.025974026,0.016233766,1.040906279,0.909415006,0.1875,40
0.42875,0.736842105,1,0.527559055,0,0.006564551,1.300070712,0.922131712,0.15375,32
0.2625,0.96,0.944444444,0.393258427,0.001694915,0.008474576,1.242724868,1.040997333,0.2325,43
0.095,0.807692308,1,0.489932886,0.001381215,0.019337017,1.457474139,1.264015597,0.19375,31
0.47875,0.5,0.985074627,0.590909091,0,0.023980815,1.551183839,0.899891855,0.1325,36
0.27625,0.606060606,0.971014493,0.47008547,0.001727116,0.015544041,1.467772893,1.162587487,0.195,35
0.04625,0.396226415,0.962616822,0.462025316,0.008363202,0.026284349,1.241471368,1.220088977,0.3375,36
0.2325,0.4,0.936842105,0.333333333,0,0.01465798,1.15374983,1.197091411,0.2625,40
0.04875,0.522727273,0.941176471,0.441340782,0,0.010727056,1.303101974,1.236109408,0.32,45
0.3,0.371428571,1,0.474576271,0.003571429,0.023214286,1.099369032,1.039809464,0.255,40
0.7775,0.214285714,0.962962963,0.395348837,0.016853933,0.005617978,0.875113169,0.702649075,0.08875,38
0.25375,0.526315789,0.967741935,0.413533835,0.003350084,0.025125628,1.052944009,1.129660424,0.26625,36
0.18875,0.6,0.970149254,0.589147287,0,0.018489985,1.289967771,1.041964467,0.2625,37
0.6575,0.444444444,1,0.528301887,0.003649635,0.02189781,0.741907953,0.843206649,0.13125,30
0.06,0.360655738,0.991304348,0.50295858,0,0.011792453,1.486706801,1.470428004,0.23125,41
0.39625,0.243243243,1,0.486956522,0,0.028985507,1.188678682,1.074191753,0.1775,40
0.24625,0.46875,0.986842105,0.38028169,0,0.028192371,1.046049205,1.119795677,0.27125,36
0.62125,0.833333333,0.916666667,0.420289855,0.02310231,0.02310231,0.829976449,0.810216044,0.1375,29
0.475,0.242424242,0.942307692,0.393258427,0.002380952,0.002380952,0.953745543,1.075362498,0.1825,32
0.06875,0.694444444,1,0.368055556,0.005369128,0.025503356,1.134622033,1.208618257,0.27625,36
0.09,0.657894737,0.98989899,0.456140351,0.004120879,0.021978022,1.506376537,1.084212868,0.24375,40
0.1875,0.838709677,0.96969697,0.432835821,0.001538462,0.009230769,1.07188373,1.215662506,0.25625,40
0.02625,0.702702703,0.97029703,0.483870968,0,0.010962241,1.498178452,1.253374895,0.25125,33
0.1775,0.555555556,0.987951807,0.555555556,0.013677812,0.018237082,1.232362512,1.157769977,0.2225,40
0.3125,0.9,0.985507246,0.488888889,0.06,0.107272727,1.232031932,0.79525145,0.21625,30
0.715,0.875,0.948717949,0.583333333,0.021929825,0.030701754,1.092386619,0.853747988,0.0725,24
0.57875,0.333333333,1,0.506024096,0.050445104,0.077151335,1.186949805,1.033863548,0.1525,33
0.2025,0.447368421,0.958333333,0.348837209,0,0.009404389,1.267437664,1.206201067,0.23375,40
0.53375,0.666666667,0.941176471,0.368421053,0.010723861,0.013404826,0.871678525,0.901809411,0.185,31
0.82875,0.333333333,1,0.692307692,0.00729927,0.01459854,0.690245533,0.652225951,0.0625,27
0.84,0.571428571,1,0.451612903,0.015625,0.0234375,0.718497282,0.592249812,0.065,33
0.2525,0.733333333,0.960526316,0.487179487,0,0.015050167,1.03099529,1.121308334,0.24625,40
0.0425,0.428571429,0.99,0.503225806,0.002610966,0.03002611,1.261177473,1.304024743,0.26625,37
0.37875,0.551724138,0.984126984,0.426086957,0.002012072,0.00804829,1.122158384,1.149423845,0.20875,34
0.695,0.615384615,0.923076923,0.596491228,0,0.020491803,1.363915247,0.834557368,0.0675,33
0.1575,0.6,0.988764045,0.329113924,0.00148368,0.008902077,1.414306685,1.303542499,0.23125,40
0.22375,0.606060606,1,0.442307692,0.022544283,0.024154589,1.402623392,1.112059093,0.22875,32
0.0175,0.509803922,0.964705882,0.448275862,0.008905852,0.01653944,1.031413473,1.189316385,0.31125,32
0.71625,0.714285714,0.965517241,0.6,0.004405286,0.105726872,0.659547744,0.580861891,0.10625,30
0.3825,0.419354839,0.973684211,0.4609375,0.006072874,0.018218623,1.273745313,1.079171322,0.19875,44
0.045,0.85,1,0.43814433,0.050239234,0.049043062,1.518994245,1.330259688,0.2825,25
0.035,0.490909091,0.941176471,0.414201183,0.002415459,0.032608696,1.153934751,1.254927206,0.38625,40
0.15875,0.576923077,0.971428571,0.389534884,0.001485884,0.035661218,1.474166707,1.008399229,0.1975,27
0.3925,1,0.953846154,0.495495495,0.008230453,0.008230453,1.210158766,0.849378399,0.155,36
0.2825,0.41025641,0.985074627,0.392,0,0.038327526,1.262512684,1.149505964,0.23,45
0.24625,0.575757576,0.986666667,0.483606557,0.00331675,0.004975124,0.9818193,1.142781559,0.265,41
0.05625,0.483333333,0.916666667,0.732876712,0.004733728,0.036686391,0.659273676,1.109556321,0.50125,50
0.39,0.434782609,1,0.504950495,0.00204918,0.055327869,0.770911198,0.916184947,0.19375,42
0.1775,1,1,0.587412587,0.053191489,0.053191489,1.302813684,0.996162053,0.22375,36
0.05375,0.714285714,0.991525424,0.608187135,0.003558719,0.023724792,1.335848456,1.198509179,0.28875,36
0.0175,0.647058824,0.96,0.408536585,0.004914005,0.012285012,1.241619452,1.188233885,0.31875,40
0.1,0.5,0.989583333,0.451388889,0.004166667,0.009722222,1.207851442,1.301367318,0.245,36
0.52,0.233333333,1,0.391304348,0.0078125,0.036458333,1.114785871,1.102562994,0.165,37
0.0325,0.648648649,0.99,0.506024096,0,0.05811138,1.520168612,1.381988223,0.235,40
0.02875,0.385964912,0.981818182,0.475675676,0,0.013365735,1.117878986,1.195867064,0.32125,42
0.0575,0.8,0.98245614,0.453551913,0.005910165,0.022458629,1.23015758,1.223585667,0.28875,32
0.2925,0.633333333,0.96,0.358208955,0,0.008833922,1.404070067,1.153018224,0.2075,30
0.02,0.651162791,0.974789916,0.434554974,0.003676471,0.013480392,1.537856493,1.191125674,0.27125,43
0.56375,0.705882353,0.964912281,0.55,0.005730659,0.042979943,1.380428861,0.855889235,0.1275,35
0.14875,0.611111111,0.948275862,0.644230769,0.010279001,0.014684288,0.780562646,1.136239748,0.33625,48
0.055,0.226190476,1,0.363636364,0.007109005,0.075829384,1.067051352,1.113167146,0.34875,40
0.06,0.195121951,1,0.412935323,0.001179245,0.087264151,0.982557513,1.124360037,0.33125,40
0.2,0.666666667,0.959459459,0.464912281,0.0046875,0.0171875,1.043242935,1.142681788,0.2675,45
0.0625,0.25974026,0.99047619,0.403614458,0.001176471,0.029411765,0.932035567,1.179109587,0.3875,45
0.495,0.444444444,1,0.543478261,0.00990099,0.089108911,1.278446824,1.0513246,0.14875,30
0.29125,0.43902439,1,0.42962963,0.005291005,0.021164021,1.365122725,1.149681695,0.21,37
0.035,0.633333333,0.945945946,0.481283422,0.023316062,0.028497409,1.592498891,1.075085532,0.25,38
0.27375,0.394736842,0.881578947,0.433070866,0,0.006884682,1.140299261,1.069257898,0.2675,47
0.05625,0.537037037,0.925233645,0.426229508,0,0.009467456,1.090757979,1.328916068,0.34375,41
0.32125,0.76,0.974025974,0.339285714,0.036832413,0.055248619,1.193722946,1.215929576,0.22375,36
0.05375,0.685714286,0.991935484,0.403940887,0,0.023724792,1.528013885,1.228812437,0.25,42
0.1325,0.265625,0.989130435,0.376623377,0,0.089337176,0.823720082,1.134549657,0.3075,40
0.04,0.512195122,0.981481481,0.497237569,0.003605769,0.060096154,1.366957915,1.174476989,0.27125,30
0.14,0.894736842,0.952941176,0.382978723,0,0.024709302,0.978689875,1.051955038,0.2825,35
0.04125,0.487804878,0.976923077,0.522222222,0.00240096,0.068427371,1.278501018,1.08889254,0.32375,40
0.14,0.365384615,0.988235294,0.353741497,0,0.036337209,1.109462637,1.189946597,0.3225,37
0.30875,0.785714286,1,0.475,0.003616637,0.027124774,1.025171398,1.119642507,0.2675,35
0.1,0.581395349,1,0.543010753,0.001388889,0.020833333,1.165015565,1.111511944,0.26875,40
0.2625,0.514285714,0.986842105,0.492753623,0,0.016949153,1.245891767,1.142844099,0.21375,40
0.57,0.45,1,0.590163934,0,0.01744186,1.35307631,1.039711687,0.11375,35
0.62,0.45,0.926829268,0.308823529,0.006578947,0.009868421,1.177209385,1.148863579,0.12875,34
0.0475,0.552631579,0.93814433,0.422222222,0,0.025059666,1.254132666,1.141255785,0.315,36
0.2425,0.894736842,0.962962963,0.401709402,0.001650165,0.001650165,1.123713794,1.065309613,0.2775,41
0.1875,0.511627907,0.98989899,0.47972973,0.004615385,0.036923077,1.24663253,1.152349936,0.2725,37
0.56875,0.764705882,1,0.451612903,0.005797101,0.037681159,0.833106041,0.886967511,0.16,30
0.445,0.571428571,0.95,0.402173913,0.002252252,0.038288288,1.223758495,0.985258588,0.16625,34
0.35625,0.382352941,0.985915493,0.5,0,0.013592233,1.010035067,1.120190218,0.22,36
0.525,0.129032258,1,0.422535211,0.002631579,0.002631579,0.845092675,1.083482796,0.19125,37
0.685,0,1,0.678571429,0,0.023809524,1.347348178,0.979243628,0.105,34
0.12125,0.628571429,0.988636364,0.35971223,0,0.009957326,1.125684001,1.190832117,0.26625,43
0.055,0.210526316,0.965217391,0.566666667,0.003554502,0.014218009,1.263172822,1.22095695,0.31375,42
0.01625,0.357142857,0.988505747,0.429530201,0.008894536,0.00635324,1.04234372,1.197865477,0.3275,40
0.0575,0.543478261,0.99009901,0.414364641,0.001182033,0.014184397,1.314084775,1.25363646,0.31125,35
0.38375,0.323529412,1,0.377358491,0.002028398,0.006085193,1.146896277,1.225487165,0.15625,37
0.08875,0.468085106,0.98245614,0.5,0.002743484,0.021947874,1.246783487,1.236639496,0.26625,46
0.05875,0.490196078,0.973451327,0.557471264,0.00472255,0.007083825,1.019431994,1.23895882,0.355,43
0.05125,0.444444444,0.972727273,0.406091371,0,0.033293698,1.418803664,1.263435162,0.285,40
0.4225,0.419354839,0.981818182,0.494505495,0.036796537,0.012987013,1.211077787,1.175816078,0.1675,40
0.4375,0.941176471,1,0.361111111,0.044444444,0.064444444,1.078418287,0.861120008,0.14625,31
0.695,0.6,1,0.423728814,0.012295082,0.024590164,0.874842834,0.822201141,0.12,32
0.06,0.780487805,0.990825688,0.43373494,0.005896226,0.004716981,1.075999358,1.2217137,0.33875,40
0.155,0.71875,0.956043956,0.405063291,0.00147929,0.01035503,1.280729076,1.141679284,0.245,40
0.2725,0.851851852,0.984375,0.324786325,0.010309278,0,1.204153505,1.240872226,0.2275,40
0.255,0.302325581,0.987804878,0.386861314,0,0.023489933,1.099842171,1.12292519,0.2275,40
0.07375,0.5,0.96875,0.397590361,0,0.009446694,1.337017399,1.228573195,0.28125,45
0.02,0.615384615,0.990825688,0.435483871,0.016581633,0.025510204,1.399647115,1.185249306,0.2975,36
0.245,0.558823529,0.988372093,0.397350993,0.054635762,0.03807947,1.503348079,1.272426682,0.2,35
0.03625,0.666666667,0.989690722,0.370967742,0.003618818,0.047044632,1.091377934,1.070554218,0.31875,36
0.275,0.75,1,0.464912281,0.003448276,0.005172414,1.129436774,1.100122847,0.23625,40
0.5125,0.416666667,0.977777778,0.588888889,0.023076923,0.033333333,1.466658135,0.970500535,0.1025,32
0.06,0.5,0.925531915,0.441558442,0.001329787,0.021276596,1.20153936,1.158999007,0.2575,37
0.135,0.75,0.910447761,0.361538462,0,0.01300578,1.268016694,1.058392273,0.31125,48
0.25375,0.461538462,1,0.601265823,0.006700168,0.048576214,1.325318988,1.076600326,0.215,33
0.0525,0.344262295,1,0.5,0.002375297,0.040380048,0.91084535,1.274037254,0.4125,50
0.03625,0.510204082,0.914285714,0.459302326,0.002412545,0.020506634,1.072981424,1.316102165,0.3875,46
0.31125,0.59375,0.892307692,0.378151261,0,0.00907441,1.133433624,1.100637355,0.27,43
0.05375,0.870967742,0.983050847,0.472222222,0.003558719,0.026097272,1.645452894,1.160636413,0.20125,27
0.095,0.266666667,0.983333333,0.595092025,0.026243094,0.026243094,1.257394003,1.201413024,0.26625,35
0.06125,0.783783784,0.983471074,0.444444444,0.001177856,0.012956419,1.390856566,1.211840143,0.28125,36
0.05,0.383333333,0.956521739,0.389473684,0.001190476,0.019047619,1.25346081,1.265625976,0.35125,45
0.44375,0.243243243,1,0.476190476,0.002247191,0.024719101,1.040060844,1.043952521,0.19375,35
0.5925,0.25,0.979591837,0.397435897,0.009202454,0.033742331,0.989323138,0.933393135,0.15625,40
0.1125,0.387755102,0.979166667,0.393103448,0,0.005633803,1.469173199,1.2376722,0.225,35
0.02375,0.6875,0.96875,0.373493976,0.012210012,0.020757021,1.084348018,1.257553608,0.30625,34
0.0125,0.489795918,0.975609756,0.475675676,0,0.001265823,1.613866814,1.373283756,0.24125,40
0.05625,0.588235294,0.941176471,0.375,0.003550296,0.01183432,1.456688407,1.146887353,0.3,33
0.04625,0.42,0.990909091,0.511235955,0.018348624,0.003931848,1.278077765,1.226290355,0.29875,39
0.54375,0.193548387,1,0.4,0.002739726,0.032876712,1.167484866,0.974385085,0.15,33
0.92125,0.5,0.923076923,0.473684211,0,0.174603175,1,0.209224109,0.0325,24
0.765,0.6,1,0.680851064,0.005319149,0.079787234,0.782248681,0.532792591,0.09125,31
0.48625,0.407407407,0.984126984,0.447916667,0.00973236,0.02676399,1.264744561,1.107296873,0.145,36
0.05625,0.577777778,0.982300885,0.388888889,0.00591716,0.003550296,1.253916538,1.32598513,0.3025,40
0.345,0.607142857,0.985074627,0.418181818,0,0.017175573,1.341894776,1.207611243,0.17,40
0.06,0.722222222,0.97761194,0.65625,0.002358491,0.04245283,1.828324446,1.233972939,0.19875,32
0.0575,0.682926829,0.964912281,0.336956522,0.002364066,0.027186761,1.387819767,1.340842263,0.34,47
0.085,0.870967742,0.978723404,0.468085106,0.004098361,0.050546448,1.355106466,1.2015947,0.29125,40
0.2375,0.8,1,0.512,0.040983607,0.044262295,1.619129805,1.130238487,0.16875,35
0.13,0.605263158,0.972222222,0.348314607,0.014367816,0.018678161,1.41920089,1.225503671,0.26125,36
0.745,0.666666667,1,0.609756098,0.06372549,0.009803922,0.900878071,0.75185209,0.07375,28
0.05875,0.7,0.990384615,0.404494382,0,0.023612751,1.261460072,1.279829362,0.2675,35
0.46,0.5,0.956521739,0.435185185,0.002314815,0.030092593,1.318043962,1.014415525,0.1425,33
0.16375,0.7,1,0.489208633,0.002989537,0.029895366,1.367612586,1.147667151,0.22375,34
0.0575,0.771428571,0.971153846,0.383419689,0.001182033,0.007092199,1.16422595,1.103895079,0.31375,36
0.0975,0.479166667,0.960784314,0.427631579,0.002770083,0.030470914,1.505954499,1.174091685,0.25125,40
0.00375,0.292307692,0.982142857,0.429347826,0.003764115,0.038895859,1.1746296,1.16983705,0.3225,40
0.04375,0.130952381,0.972477064,0.43315508,0.007843137,0.031372549,1.175048158,1.197829942,0.295,35
0.205,0.414634146,0.938271605,0.542253521,0,0.022012579,1.110002658,1.149479426,0.2975,46
0.17,0.72,1,0.526717557,0.00753012,0.05873494,1.093582903,1.098011837,0.2375,34
0.01875,0.388888889,0.968503937,0.547263682,0.002547771,0.056050955,1.406090592,1.241121514,0.2475,40
0.37,0.35,1,0.417475728,0.005952381,0.013888889,1.145543597,1.092293623,0.19875,40
0.21125,0.730769231,0.987804878,0.562043796,0.001584786,0.012678288,1.201975338,1.088847624,0.2575,45
0.6075,0.138888889,1,0.486111111,0.003184713,0.063694268,1.112279228,0.979097522,0.12125,31
0.0525,0.707317073,0.948453608,0.451807229,0.001187648,0.017814727,1.138152791,1.274459248,0.3575,40
0.06,0.348484848,1,0.5,0.003537736,0.033018868,1.205585653,1.128731951,0.305,40
0.05625,0.7,0.991071429,0.494623656,0.004733728,0.001183432,1.255561888,1.280938259,0.31375,39
0.47375,0.904761905,0.976190476,0.364864865,0,0.011876485,0.917489098,1.002741237,0.195,35
0.09375,0.568181818,0.991150442,0.479041916,0.00137931,0.005517241,1.372861853,1.185920505,0.23875,42
0.03375,0.260869565,0.984375,0.492890995,0.008464329,0.102781137,1.197810825,1.211346239,0.3075,38
0.3375,0.909090909,0.9625,0.375,0,0.024528302,1.429727411,1.035711007,0.14875,34
0.6725,0.75,1,0.509433962,0.022900763,0.038167939,0.912155657,0.728274403,0.11875,26
0.3725,0.333333333,1,0.531914894,0,0.029880478,1.495902247,1.191230458,0.145,31
0.73125,0,1,0.395833333,0.004651163,0.051162791,1.059712809,0.902349519,0.09625,31
0.1425,0.465116279,0.951807229,0.52739726,0.001457726,0.029154519,1.03118763,1.071942768,0.245,40
0.21625,0.318181818,0.976744186,0.483221477,0.001594896,0.022328549,1.167185511,1.124602527,0.22625,40
0.4675,0.3125,0.983333333,0.467391304,0,0.016431925,1.218477093,1.124990461,0.1475,31
0.11625,0.346938776,0.991150442,0.534161491,0,0.046676096,1.316879233,1.256183232,0.2425,36
0.10625,0.5,0.959183673,0.429447853,0.011188811,0.053146853,1.261313215,1.175074124,0.3075,42
0.06,0.461538462,0.974358974,0.549132948,0,0.018867925,1.298572054,1.126385521,0.27,39
0.19875,0.777777778,0.989130435,0.390070922,0,0.029641186,1.328551711,1.004163238,0.1775,37
0.21875,0.617647059,1,0.39516129,0,0.0096,1.090148141,1.130867992,0.2025,37
0.1775,0.522727273,0.948051948,0.546099291,0.001519757,0.039513678,1.330531581,1.255936336,0.28875,36
0.13875,1,0.896103896,0.438356164,0.008708273,0.021770682,1.21200416,0.827169487,0.2675,34
0.315,0.302325581,0.986666667,0.488372093,0,0.012773723,1.355811111,1.123208001,0.17875,35
0.2825,0.261904762,1,0.521126761,0.017421603,0.003484321,1.25115477,1.166014922,0.23375,40
0.06,0.852941176,0.972972973,0.433526012,0.002358491,0.005896226,1.395402191,1.36041664,0.2725,42
0.29375,0.724137931,0.988764045,0.531746032,0,0.015929204,1.15123369,1.15361783,0.255,36
0.09125,0.307692308,0.96460177,0.522875817,0.031636864,0.04264099,1.281468646,1.214962483,0.25125,34
0.09625,0.78125,0.965116279,0.351851852,0.002766252,0.008298755,1.411344153,1.190661986,0.275,35
0.06,0.446428571,0.956140351,0.433862434,0,0.027122642,1.258782461,1.312567705,0.375,40
0.28875,0.612903226,0.968253968,0.552,0,0.007029877,1.138316602,1.086595514,0.2475,45
0.125,0.307692308,0.964285714,0.335526316,0.001428571,0.01,1.454434913,1.31103352,0.2475,40
0.54,0.55,0.978723404,0.506493506,0.016304348,0.019021739,0.863955651,0.933250507,0.1725,31
0.745,0.461538462,1,0.511111111,0.009803922,0.029411765,0.764979641,0.732223808,0.09625,31
0.05375,1,0.974576271,0.461904762,0.009489917,0.03084223,1.389093586,1.200670926,0.285,34
0.16875,0.611111111,0.967032967,0.32,0,0.013533835,1.158152035,1.257052496,0.29125,44
0.0625,0.5,0.963302752,0.584337349,0.025882353,0.027058824,1.148943091,1.207687226,0.34375,38
0.05875,0.471698113,0.970873786,0.445026178,0.003541913,0.022432113,1.300201739,1.232957666,0.33,42
0.29625,0.470588235,0.95890411,0.486956522,0.010657194,0.017761989,1.03939962,1.209368901,0.2225,35
0.11125,0.962962963,0.95890411,0.496296296,0.00281294,0.009845288,1.201875055,1.227613462,0.26625,33
0.3275,0.576923077,0.968253968,0.41025641,0.003717472,0.013011152,1.203456752,1.08197805,0.18,40
0.5525,0.764705882,1,0.405405405,0,0.019553073,1.200259067,1.082885211,0.135,40
0.1225,0.615384615,0.96,0.490196078,0,0.02991453,1.220279156,1.069593979,0.2475,41
0.6,0.818181818,1,0.493333333,0.0375,0.034375,0.890657864,0.68422485,0.13,30
0.0575,0.468085106,1,0.417142857,0.002364066,0.017730496,1.187373451,1.15541192,0.36625,42
0.04125,0.1875,0.975206612,0.545454545,0,0.025210084,1.424055992,1.278623211,0.25125,40
0.13125,0.739130435,0.988095238,0.365517241,0.004316547,0.033093525,1.167030165,1.11105955,0.2625,30
0.44625,0.476190476,0.984848485,0.5,0.006772009,0.015801354,1.301020356,0.938693137,0.165,31
0.70375,0.666666667,0.972972973,0.58,0,0.054852321,1.519640805,0.851095274,0.06875,27
0.39,0.256410256,1,0.407407407,0.00204918,0.043032787,0.949369022,1.116734102,0.215,36
0.2575,0.611111111,0.975609756,0.467741935,0.008417508,0.016835017,1.334085559,1.143926722,0.205,43
0.05875,0.58974359,0.917525773,0.344827586,0.001180638,0.022432113,1.307635578,1.222117197,0.33625,50
0.22125,0.355555556,0.989795918,0.450704225,0.006420546,0.030497592,1.176673346,1.146881503,0.24875,40
0.20625,0.431818182,1,0.503816794,0.001574803,0.012598425,1.010411928,1.067549328,0.29375,40
0.16875,0.340425532,1,0.489795918,0.009022556,0.015037594,1.279894597,1.125104744,0.24,36
0.13125,0.301886792,0.981818182,0.339285714,0.001438849,0.020143885,1.262922335,1.296937584,0.2425,40
0.40875,1,0.915254237,0.564356436,0.054968288,0.050739958,0.815414763,0.540112434,0.18,28
0.275,0.53125,0.987012987,0.388888889,0.001724138,0.022413793,1.091093992,1.066626118,0.195,40
0.0525,0.666666667,0.991525424,0.429411765,0.001187648,0.032066508,1.658770136,1.221985404,0.31875,40
0.2775,0.730769231,0.971014493,0.474747475,0.019031142,0.01384083,1.172089185,1.080441243,0.2475,37
0.74125,1,0.970588235,0.481481481,0.009661836,0.014492754,0,0,0.08125,26
0.29625,0.46875,0.966292135,0.527777778,0.001776199,0.01598579,1.477290707,1.203607431,0.1825,30
0.62875,0.6,1,0.492063492,0.060606061,0.090909091,0.791646989,0.797613945,0.14375,30
0.0625,0.711111111,0.980769231,0.434065934,0,0.016470588,1.474205969,1.304490256,0.29625,40
0.2525,0.454545455,0.988095238,0.464566929,0.003344482,0.051839465,1.165477844,1.065009127,0.21625,37
0.0375,0.354166667,0.967741935,0.497326203,0.01038961,0.041558442,1.313639312,1.1960206,0.26,34
0.49375,0.194444444,0.983870968,0.5,0.039506173,0.039506173,1.325085006,0.954156145,0.17375,28
0.5175,0.48,0.956521739,0.346666667,0.010362694,0.007772021,1.052575304,1.018331923,0.18625,42
0.01625,0.707317073,0.942528736,0.464788732,0,0.003690037,1.119662383,1.247774791,0.31,44
0.0425,0.52173913,0.970588235,0.597826087,0.014360313,0.018276762,1.597349607,1.253368889,0.23125,40
0.57,0.5,1,0.474358974,0.005813953,0.063953488,1.129509599,0.979202626,0.16125,40
0.30625,0.457142857,0.966666667,0.534883721,0.018018018,0.01981982,1.196218982,1.077001741,0.1925,41
0.50875,0.526315789,1,0.428571429,0.002544529,0.06870229,1.188282447,1.070725687,0.1775,33
0.125,0.842105263,0.9875,0.394160584,0.007142857,0.06,1.253592274,0.950034657,0.2325,30
0.585,0.75,0.980769231,0.534246575,0.03313253,0.027108434,0.876651171,0.892651677,0.13,40
0.0525,0.878787879,0.99047619,0.473684211,0.001187648,0.005938242,1.303709459,1.279343037,0.28125,43
0.05875,0.555555556,1,0.446927374,0,0.010625738,1.467006764,1.168520628,0.2325,36
0.215,0.326530612,0.989361702,0.460122699,0.00955414,0.044585987,1.217417115,1.043000192,0.2625,36
0.24875,0.068965517,0.956989247,0.5,0.048252912,0.199667221,0.790428183,0.9171201,0.2975,32
0.65,0.421052632,1,0.46875,0.025,0.035714286,0.791134227,0.86039759,0.13125,36
0.62625,0.833333333,0.977272727,0.409836066,0.033444816,0.02006689,0.972537505,0.866255678,0.12,35
0.235,0.617647059,0.9625,0.390410959,0.003267974,0.017973856,1.276550793,1.205223098,0.22875,38
0.54625,0.117647059,1,0.425287356,0,0.005509642,1.566004313,1.100539316,0.12,38
0.47,0.789473684,1,0.32,0.002358491,0.018867925,0.983916191,1.026445162,0.19,40
0.59,0.571428571,1,0.426470588,0.00304878,0.024390244,1.112825705,0.90733806,0.135,30
0.06,0.777777778,0.99137931,0.413043478,0.001179245,0.007075472,1.221306992,1.210573549,0.28875,40
0.36,0.882352941,0.984375,0.350877193,0,0.029296875,1.174604478,1.140582629,0.17875,34
0.43375,0.333333333,0.950819672,0.463636364,0.006622517,0.015452539,1.17667242,1.037687605,0.20125,40
0.04625,0.166666667,0.962962963,0.519774011,0.008363202,0.082437276,1.004873487,1.138715385,0.345,40
0.115,0.416666667,0.988636364,0.441558442,0.002824859,0.026836158,1.227562973,1.108619739,0.25875,34
0.07,0.944444444,1,0.432835821,0.001344086,0.018817204,1.431037201,1.115143213,0.18625,30
0.62125,0.25,0.94,0.527027027,0.00660066,0.01650165,1.387909754,0.969511414,0.14375,33
0.0225,0.705882353,0.964912281,0.388535032,0.001222494,0.058679707,1.919533629,1.263004693,0.23,40
0.4375,0.517241379,0.971014493,0.339622642,0,0.015555556,1.136385225,1.009722035,0.17625,40
0.245,0.30952381,0.976190476,0.495867769,0,0.006622517,1.348416882,1.140986429,0.21375,38
0.105,0.224137931,0.972477064,0.512195122,0.01396648,0.011173184,1.347764487,1.307290592,0.2475,37
0.0025,0.434782609,0.982608696,0.488235294,0.001246883,0.00872818,1.541953779,1.06487666,0.16625,36
0.01125,0.392857143,0.970588235,0.35,0.001264223,0.02528445,1.344904405,1.215027773,0.27125,40
0.13125,0.6,0.941860465,0.474358974,0,0.025899281,0.994151833,1.184930123,0.33375,46
0.0125,0.530612245,0.97029703,0.426900585,0.002531646,0.010126582,1.416219392,1.242738356,0.30375,49
0.31125,0.515151515,1,0.567307692,0.001814882,0.038112523,1.430256085,1.050583514,0.15375,37
0.05375,0.558139535,0.951456311,0.425837321,0,0.041518387,1.397174444,1.291704236,0.29625,30
0.31875,0.708333333,0.966101695,0.40776699,0.001834862,0.011009174,1.100911118,1.059767093,0.26,50
0.7125,0.142857143,1,0.625,0,0.02173913,0.901278034,0.819649171,0.08875,33
0.69625,0.461538462,1,0.647058824,0,0.049382716,1.29621151,0.917084258,0.07375,34
0.25875,0.515151515,0.960526316,0.412698413,0,0.023608769,1.019971783,1.123523051,0.26875,45
0.17,0.377777778,1,0.507142857,0.001506024,0.015060241,1.261698942,1.267194759,0.25875,40
0.0575,0.952380952,1,0.495145631,0.013002364,0.08392435,1.498175171,1.091694077,0.275,32
0.66375,0.444444444,1,0.53030303,0,0.007434944,0.960093731,0.863157637,0.10625,30
0.05125,0.553191489,0.925233645,0.426966292,0.001189061,0.026159334,1.278340148,1.180035373,0.33375,41
0.055,0.35,0.96039604,0.448717949,0,0.022511848,0.913171115,1.133312419,0.43875,44
0.905,0.75,1,0.5,0.052631579,0.065789474,0.508727576,0.394349169,0.04,21
0.0525,0.41509434,0.966942149,0.569832402,0.002375297,0.010688836,1.372357782,1.263281181,0.28625,40
0.0625,0.604166667,0.992,0.494047619,0,0.005882353,1.236783585,1.260566904,0.28875,37
0.25625,0.166666667,1,0.350649351,0.001680672,0.07394958,1.10965993,1.004908044,0.22,46
0.3175,1,0.986486486,0.495575221,0.034798535,0.08974359,1.063440874,0.966658841,0.20125,30
0.485,0.583333333,0.961538462,0.4,0,0.004854369,1.157010525,1.05837046,0.165,40
0.35125,0.405405405,1,0.412280702,0.032755299,0.011560694,1.310373941,1.172278898,0.24,38
0.58625,0.611111111,0.972222222,0.651515152,0,0.024169184,1.060210868,0.882440559,0.165,40
0.05375,0.735294118,0.961832061,0.55721393,0.010676157,0.033214709,1.49396766,1.14238058,0.25625,32
0.3275,0.777777778,0.98,0.702380952,0,0.007434944,1.595180194,1.008681977,0.225,35
0.71625,0.615384615,1,0.543478261,0.008810573,0.039647577,1.020093244,0.802396711,0.065,29
0.06,0.237288136,0.941860465,0.613138686,0.002659574,0.009308511,0.889115812,1.218537067,0.37125,46
0.0425,0.682926829,0.916666667,0.474576271,0.001199041,0.01558753,1.13008302,1.280406046,0.34375,40
0.11125,0.909090909,0.965116279,0.442857143,0.004219409,0.016877637,1.395526314,1.038172494,0.21125,36
0.12375,0.638888889,0.931818182,0.475524476,0,0,1.206541898,1.20073489,0.26875,43
0.0525,0.54,0.989690722,0.550898204,0.013064133,0.014251781,1.267384702,1.226808971,0.31875,40
0.02875,0.509803922,0.981308411,0.556179775,0.006435006,0.005148005,1.162316885,1.199433267,0.33375,45
0.37875,0.928571429,0.985074627,0.626168224,0.006036217,0.020120724,1.474608945,1.028179718,0.16375,33
0.4925,0.125,0.945454545,0.391304348,0.054187192,0.032019704,1.044784247,1.043520482,0.18375,30
0.1775,0.827586207,1,0.488888889,0,0.009118541,1.334013398,1.236152293,0.225,37
0.885,0.142857143,1,0.5,0.02173913,0.043478261,0.721695233,0.728578597,0.04875,26
0.36875,0.181818182,0.970588235,0.457943925,0,0.013861386,1.224407898,1.040539692,0.17125,40
0.365,0.454545455,0.971830986,0.571428571,0.049212598,0.029527559,1.099194755,1.142209631,0.2025,36
0.785,0.666666667,1,0.516129032,0.023255814,0.046511628,0.720450301,0.719019301,0.0825,30
0.00125,0.621621622,0.966101695,0.432835821,0.002503129,0.016270338,1.490497819,1.224896869,0.25625,36
0.24875,0.333333333,0.977777778,0.453333333,0.006655574,0.034941764,1.151527435,1.07021665,0.2125,34
0.0925,0.782608696,1,0.364864865,0.00137741,0.02892562,1.495330408,1.13019741,0.2375,34
0.11875,0.605263158,0.976470588,0.465753425,0.00141844,0.014184397,1.300065412,1.182649098,0.2675,37
0.255,0.6,1,0.447368421,0.008389262,0.010067114,1.110865011,1.065855747,0.25625,40
0.115,0.617647059,0.961904762,0.456410256,0.001412429,0.028248588,1.194264941,1.175323405,0.26625,47
0.35875,0.292682927,0.983606557,0.453703704,0,0.052631579,0.958403997,1.009982404,0.2175,47
0.06,0.954545455,0.990909091,0.533333333,0.016509434,0.017688679,1.505015364,1.258507933,0.26875,32
0.38875,0.588235294,1,0.53125,0.040899796,0.028629857,1.336168834,0.884364468,0.15875,31
0.03875,0.428571429,0.974358974,0.487684729,0.003610108,0.078219013,1.371541814,1.207466696,0.3225,32
0.035,0.5,0.983471074,0.477386935,0.001207729,0.012077295,1.474256947,1.227177034,0.28875,40
0.35625,0.484848485,0.975308642,0.627118644,0.003883495,0.025242718,1.508319546,1.158809218,0.18625,36
0.31125,0.541666667,1,0.594827586,0.050816697,0.050816697,1.270970193,1.121126895,0.1875,31
0.15125,0.56097561,0.954545455,0.520833333,0.001472754,0.029455081,1.16051761,1.14395968,0.23125,37
0.55375,1,1,0.575,0.00280112,0.086834734,1.234990816,0.847670321,0.1325,35
0.5125,0.857142857,0.95890411,0.555555556,0.069230769,0.087179487,1.234772093,0.727388824,0.12875,28
0.0525,0.353846154,1,0.43125,0.004750594,0.026128266,1.245852498,1.189831263,0.33125,37
0.2325,0.163636364,0.968421053,0.58041958,0.013029316,0.03257329,1.539472767,1.204991037,0.23375,41
0.04125,0.5,0.956989247,0.544871795,0.001303781,0.0273794,1.191535214,1.198737999,0.36125,46
0.38,0.483870968,0.975,0.478991597,0,0.038306452,1.486348137,0.977522169,0.15,35
0.34125,0.101694915,1,0.536231884,0.001897533,0.04743833,1.282102365,1.190480124,0.19625,45
0.235,0.348837209,1,0.480620155,0.004901961,0.017973856,1.11604075,1.202315649,0.245,45
0.09125,0.294117647,1,0.337016575,0.002751032,0.024759285,1.267176244,1.156514505,0.26375,37
0.26625,0.333333333,0.987179487,0.466165414,0,0.05451448,1.053832391,1.088257197,0.26625,41
0.28125,0.826086957,1,0.487603306,0.00173913,0.027826087,1.251510695,1.037620463,0.22875,39
0.52375,0.916666667,0.983333333,0.434782609,0,0.041994751,1.189824487,0.939145074,0.13375,29
0.76,0.285714286,0.96,0.604651163,0.015625,0.005208333,0.906706824,0.775951522,0.09875,31
0.0675,0.458333333,0.956989247,0.35862069,0.001340483,0.017426273,1.292436464,1.305201253,0.29875,40
0.10375,0.641025641,0.974358974,0.49122807,0.0027894,0.026499303,1.326749109,1.281613342,0.275,38
0.30375,0.724137931,0.971014493,0.450819672,0,0.005385996,1.188397574,1.070469072,0.2325,37
0.28875,0.807692308,0.96875,0.491525424,0,0.012302285,1.146090346,1.052503072,0.23125,34
0.01375,0.288135593,0.963636364,0.486772487,0,0.011097411,1.500067251,1.350706288,0.26875,35
0.09,0.642857143,0.980952381,0.396341463,0.002747253,0.017857143,1.261928685,0.996657939,0.22125,37
0.05875,0.47826087,1,0.364779874,0,0.014608234,1.359782154,1.180382095,0.29375,42
0.2875,0.486486486,0.9875,0.547008547,0.010526316,0.029824561,0.930946559,1.003318214,0.2625,40
0.05,0.551020408,0.990384615,0.591954023,0.008333333,0.010714286,1.246863134,1.196990631,0.24375,38
0.04375,0.735294118,0.914634146,0.433121019,0,0.005228758,1.001151775,1.219409786,0.36,50
0.0525,0.49122807,0.985185185,0.540669856,0.002375297,0.011876485,1.488806868,1.263328072,0.27625,42
0.02125,0.595238095,0.981981982,0.348837209,0,0.024479804,1.326161337,1.193794745,0.2925,40
0.0075,0.666666667,0.971153846,0.558659218,0.003722084,0.00248139,1.324184771,1.185636927,0.3,40
0.9575,0.5,1,0.4,0.029411765,0.029411765,0.212136243,0.205823112,0.01875,20
0.05875,0.534883721,1,0.457777778,0.00472255,0.043683589,1.780414426,1.201315049,0.21625,36
0.02375,0.536585366,0.971428571,0.379120879,0.008962868,0.038412292,1.486063827,1.194442924,0.26875,34
0.335,0.5,0.971830986,0.486956522,0,0.02443609,1.208074145,1.118704607,0.22,40
0.6225,0.473684211,1,0.574074074,0.033112583,0.01986755,0.946234819,0.858000229,0.10875,30
0.1825,0.555555556,0.980582524,0.664383562,0,0.010703364,1.426421206,1.488034642,0.1775,31
0.19875,0.9,0.975,0.432624113,0,0.004680187,1.370229201,1.171455072,0.22875,40
0.03375,0.530612245,0.967741935,0.379518072,0.004836759,0.014510278,1.014688072,1.178229458,0.36125,50
0.68125,0.12,1,0.553191489,0.007843137,0.047058824,1.255669004,0.881647618,0.1025,25
0.04375,0.236111111,0.95412844,0.510309278,0.00239521,0.039520958,1.082432055,1.218109312,0.34125,41
0.305,0.653846154,1,0.516949153,0.001798561,0.021582734,1.297469489,1.149218554,0.22,37
0.54375,0.32,0.985507246,0.521276596,0.002739726,0.024657534,1.028180191,0.966098347,0.1475,40
0.55625,0.588235294,0.978723404,0.359375,0,0.002816901,0.860971531,0.864669223,0.1425,40
0.83625,0.8,1,0.5,0,0.022900763,0.930484467,0.760247171,0.06375,21
0.06375,0.5,0.961904762,0.447852761,0.010575793,0.007050529,1.164754955,1.199508642,0.30125,44
0.275,0.518518519,0.972972973,0.539823009,0.003448276,0.015517241,1.153764038,1.161053669,0.2225,33
0.05125,0.55,1,0.413978495,0.007134364,0.042806183,1.356121925,1.105406544,0.2275,31
0.22875,0.833333333,0.989583333,0.425675676,0.008103728,0.089141005,1.210692303,0.930089859,0.2175,32
0.05375,0.717948718,0.978021978,0.402439024,0.00118624,0.004744958,1.164167856,1.259144148,0.32625,46
0.515,0.366666667,0.98,0.413333333,0,0.012886598,1.232343145,0.985980788,0.1725,41
0.05875,0.630434783,0.983739837,0.465,0.001180638,0.003541913,1.484731614,1.313817766,0.26125,35
0.53375,0.736842105,0.955555556,0.376811594,0,0.002680965,0.910081511,0.920651076,0.1425,40
0.135,0.205882353,0.964285714,0.417112299,0.001445087,0.01734104,1.259244097,1.237523046,0.2825,45
0.06,0.828571429,0.983471074,0.384259259,0.001179245,0.010613208,1.512763076,1.450998202,0.27375,43
0.04375,0.65,0.973214286,0.371727749,0.007185629,0.021556886,1.12920737,1.232776181,0.35375,41
0.1175,0.771428571,0.987012987,0.402777778,0,0.008498584,1.247168052,1.184621481,0.24625,41
0.06125,0.666666667,0.992063492,0.439153439,0.00942285,0.014134276,1.286924609,1.249899296,0.28875,36
0.6125,0.285714286,0.977272727,0.38372093,0,0.003225806,1.254433526,0.917098478,0.13375,34
0.05,0.763157895,0.949494949,0.454054054,0.001190476,0.011904762,1.364609475,1.204785581,0.335,41
0.3175,0.361111111,1,0.424242424,0,0.018315018,1.118063999,1.097842784,0.23375,35
0.49875,0.545454545,1,0.476190476,0.014962594,0.019950125,1.156464231,1.154290635,0.14875,30
0.03875,0.558139535,0.966666667,0.352201258,0.004813478,0.016847172,1.058416251,1.198262011,0.39875,55
0.36375,0.535714286,0.941176471,0.462121212,0.003929273,0.023575639,1.099752348,1.093160547,0.24,40
0.21875,0.735294118,0.97260274,0.540540541,0,0.0048,0.847295372,1.126292846,0.32375,50
0.03,0.489795918,0.979381443,0.525641026,0.015463918,0.005154639,1.196529649,1.281916147,0.30125,35
0.46125,0.785714286,0.98,0.481481481,0.006960557,0.053364269,1.144036871,0.874344138,0.16625,32
0.48375,0.366666667,1,0.477272727,0.002421308,0.007263923,1.261931139,1.092922228,0.1625,37
0.2175,0.357142857,0.98019802,0.381294964,0,0.003194888,1.383031447,1.148149653,0.20875,34
0.1775,0.833333333,1,0.519736842,0.001519757,0.010638298,1.335086592,1.129146599,0.2125,46
0.32125,0.361111111,0.838709677,0.396396396,0,0.025782689,1.709631768,1.252587994,0.15875,34
0.05125,0.634146341,0.918367347,0.361702128,0,0.008323424,1.260970077,1.223830708,0.31,41
0.3625,0.428571429,0.935483871,0.365217391,0.003921569,0.007843137,1.388506332,1.006837434,0.1975,40
0.36,0.612903226,0.943661972,0.32231405,0.009765625,0.01953125,1.146608169,1.080149704,0.19875,34
0.655,1,1,0.363636364,0.039855072,0.018115942,0.993763494,0.617000179,0.1,30
0.7225,0.583333333,0.966666667,0.545454545,0.013513514,0.027027027,1.015457387,0.749187901,0.0975,30
0.125,0.909090909,0.980582524,0.365853659,0.001428571,0.012857143,1.325591353,1.134007554,0.23,36
0.6575,0.9,0.975,0.630769231,0.003649635,0.003649635,1.246755121,0.643630175,0.09375,30
0.5475,1,1,0.469135802,0.03038674,0.03038674,1.001849146,0.801316961,0.1475,32
0.21375,0.62962963,0.96039604,0.448051948,0,0.069952305,1.374376439,1.118399767,0.2075,35
0.43125,0.451612903,0.907407407,0.395348837,0,0.002197802,1.017010352,1.074476881,0.21875,45
0.67125,0.818181818,0.976744186,0.446808511,0,0.011406844,1.229176424,0.883977334,0.10375,33
0.37625,0.727272727,1,0.456521739,0.002004008,0.006012024,0.862821692,1.09436684,0.2275,36
0.05625,0.191176471,0.982758621,0.540697674,0.016568047,0.018934911,1.104182638,1.164985743,0.3475,42
0.05375,0.26984127,0.965217391,0.39893617,0.003963012,0.060766182,1.2026257,1.1838994,0.30625,39
0.3425,0.464285714,0.97826087,0.580882353,0,0.024714829,1.165142973,1.129266828,0.20625,40
0.24375,0.342105263,0.967741935,0.814285714,0.003305785,0.021487603,1.405670428,1.020713211,0.19875,40
0.05375,0.619047619,0.991935484,0.486486486,0,0.014234875,1.295829191,1.197740885,0.2875,40
0.58,1,1,0.441558442,0.005952381,0.074404762,1.189536144,0.98981753,0.12125,32
0.06,0.509803922,0.96460177,0.482233503,0.016509434,0.029481132,1.43520198,1.194316833,0.29125,35
0.77375,0.2,1,0.588235294,0.033149171,0.138121547,0.904838638,0.800691644,0.09,25
0.1925,0.53125,0.976470588,0.378787879,0,0.015479876,1.210719766,1.187103225,0.225,36
0.31125,0.311111111,0.987341772,0.512396694,0.001814882,0.010889292,1.07376685,1.157404272,0.2475,45
0.4175,0.608695652,0.967741935,0.42,0.032188841,0.010729614,1.094127471,1.083587353,0.16875,35
0.03875,0.338983051,0.982905983,0.333333333,0.002406739,0.072202166,1.184165667,1.245880855,0.35875,36
0.05875,0.385964912,0.981818182,0.411111111,0.001180638,0.012987013,1.283930569,1.312063208,0.30125,40
0.0475,0.448979592,0.9921875,0.322115385,0.008353222,0.058472554,1.562085069,1.259943176,0.2925,33
0.34375,0.424242424,1,0.38317757,0,0.019047619,1.331958863,0.999774591,0.19,39
0.4575,0.666666667,0.950819672,0.444444444,0.00921659,0.011520737,1.298390504,1.033226191,0.16625,40
0.8625,0.666666667,0.95,0.461538462,0,0.072727273,0.646981424,0.486189647,0.0525,28
0.9,0.666666667,1,0.5625,0,0.025,0.405045972,0.408405155,0.04625,28
0.05375,0.531914894,0.989583333,0.539473684,0.002642008,0.042272127,0.962129824,1.068307819,0.33,42
0.28625,0.459459459,1,0.491525424,0.012259194,0.028021016,1.072309271,1.163193046,0.22125,31
0.07,0.454545455,1,0.425414365,0.001168224,0.012850467,1.438802007,1.353447937,0.2475,32
0.04875,0.743589744,0.964285714,0.458536585,0.001191895,0.026221692,1.374604986,1.219869403,0.25,40
0.55,0.733333333,0.947368421,0.460526316,0.030555556,0.038888889,1.061866474,0.984838996,0.16375,30
0.36125,0.518518519,0.976744186,0.509433962,0.001956947,0.060665362,1.177362143,1.10370753,0.21375,41
0.03,0.321428571,0.91011236,0.496503497,0.005154639,0.021907216,1.029583764,1.151474319,0.3675,50
0.26875,0.318181818,0.968253968,0.5,0.017094017,0.018803419,1.203668814,1.190055683,0.25375,36
0.04375,0.735294118,0.990990991,0.505882353,0.00130719,0.043137255,1.622014054,1.415984415,0.19125,30
0.125,0.735294118,0.988888889,0.519736842,0.001428571,0.011428571,1.384958824,1.268973861,0.24125,41
0.7575,0.307692308,1,0.368421053,0.046391753,0.134020619,0.897176539,0.865890029,0.08125,22
0.0625,0.636363636,1,0.375,0.003529412,0.011764706,1.320983043,1.218207654,0.28125,50
0.27125,0.432432432,0.984615385,0.362903226,0.001715266,0.041166381,1.133740323,1.223592105,0.26,30
0.05375,0.842105263,1,0.407960199,0.002372479,0.017793594,1.597092405,1.264621601,0.24875,40
0.19875,0.869565217,0.988636364,0.382978723,0,0.067082683,1.381322352,1.21784802,0.2125,36
0.07,0.306451613,1,0.427745665,0,0.041666667,1.185727652,1.232716204,0.26125,37
0.63875,0.666666667,1,0.481481481,0.003460208,0.024221453,1.074482587,0.940227986,0.10625,28
0.0575,0.35,0.992753623,0.405797101,0.007092199,0.052009456,1.136808999,1.24372964,0.34125,38
0.11875,0.606060606,1,0.509933775,0,0.035460993,1.137129567,1.198014769,0.29,32
0.44,0.222222222,1,0.4,0.013392857,0.020089286,1.047653651,1.061922262,0.1775,40
0.20375,0.375,0.971153846,0.367741935,0,0.045525903,1.327472568,1.158248095,0.2325,45
0.115,0.75,0.989247312,0.487951807,0.001412429,0.02259887,1.238315278,1.218982551,0.24875,36
0.01875,0.206349206,0.93,0.392156863,0.001273885,0.003821656,1.133418367,1.240432449,0.35625,45
0.51125,0.075,0.983606557,0.417475728,0.023017903,0.015345269,1.230123884,1.052647433,0.13875,30
0.0625,0.490909091,0.990654206,0.408376963,0.001176471,0.010588235,1.233555048,1.338806199,0.35125,43
0.2525,0.96,0.959459459,0.496062992,0,0.026755853,1.093498636,1.030672541,0.24,37
0.5075,1,1,0.530864198,0.007614213,0.020304569,1.106039023,1.037770074,0.13375,28
0.055,0.7,0.989583333,0.380645161,0.002645503,0.018518519,1.26084874,1.104487905,0.29,37
0.5075,0.722222222,1,0.483146067,0.010152284,0.010152284,1.251421159,1.027387445,0.14125,34
0.04375,0.488888889,0.975806452,0.476190476,0.011976048,0.034730539,1.456117673,1.260511952,0.2625,36
0.24375,0.954545455,0.938271605,0.512,0.00661157,0.021487603,1.307601028,1.076491762,0.2525,35
0.49,0.36,1,0.390804598,0,0.012254902,1.043277759,0.951695241,0.17625,32
0.425,0.75,0.983870968,0.484536082,0.002173913,0.008695652,1.144998731,1.098977758,0.17875,40
0.04125,0.764705882,0.969072165,0.380952381,0.003911343,0.016949153,1.376242164,1.287325759,0.27625,37
0.06,0.137931034,0.968503937,0.438914027,0.004716981,0.088443396,1.121419308,1.093460439,0.365,38
0.30375,0.5625,0.959459459,0.504,0.001795332,0.012567325,1.247229403,1.254737558,0.22625,40
0.06125,0.875,0.9921875,0.407216495,0.002355713,0.041224971,1.614830564,1.149710547,0.27625,30
0.21125,0.617647059,0.985915493,0.491935484,0.015847861,0.017432647,1.076247235,1.261826348,0.25625,40
0.34125,0.678571429,0.985507246,0.54368932,0.001897533,0.015180266,1.245585044,1.098402131,0.19375,38
0.3475,0.571428571,0.984615385,0.543859649,0,0.013409962,1.137300572,1.195432151,0.19875,46
0.005,0.771428571,0.961538462,0.365517241,0,0.007462687,0.938629551,1.265646294,0.35625,50
0.325,0.558823529,0.967213115,0.526785714,0.009259259,0.014814815,0.879829889,1.103342722,0.2675,50
0.64875,0.6,1,0.448275862,0.028469751,0.039145907,0.997495179,0.964368205,0.125,35
0.045,0.628571429,0.991452991,0.60591133,0.001196172,0.008373206,1.386063275,1.22205153,0.2175,35
0.36,0.586206897,0.955223881,0.515463918,0.001953125,0.005859375,1.010768549,1.149422865,0.185,35
0.53625,0.5,0.979166667,0.364705882,0.013477089,0.010781671,1.340048807,0.946652595,0.145,33
0.0525,0.410714286,0.9765625,0.497584541,0.001187648,0.021377672,1.003844831,1.18951655,0.405,45
0.06125,0.804878049,0.971962617,0.348314607,0.004711425,0.014134276,1.265047997,1.238138695,0.29375,45
0.5025,0.28125,0.980769231,0.454545455,0,0.01758794,1.046345923,1.155979582,0.1725,40
0.375,0.708333333,1,0.591836735,0.002,0.014,1.026306348,1.061035534,0.235,40
0.48625,0.333333333,1,0.472972973,0.00729927,0.01459854,1.039522248,1.029163332,0.1825,31
0.21,0.666666667,1,0.584615385,0,0.033227848,1.476612211,1.236011969,0.18,36
0.03875,0.408163265,0.990566038,0.565217391,0.002406739,0.034897714,1.23734868,1.186467454,0.28375,35
0.0625,0.38,0.956521739,0.459627329,0.001333333,0.034666667,1.198299917,1.155713828,0.28,42
0.18375,0.487804878,0.989247312,0.376712329,0,0.004594181,1.650705254,1.251801209,0.185,35
0.69625,0.692307692,1,0.530612245,0.016460905,0.016460905,1.101995691,0.810745762,0.1,30
0.05625,0.648648649,1,0.412698413,0,0.029585799,1.426795879,1.223208191,0.29125,40
0.3925,0.285714286,0.965116279,0.605263158,0.004115226,0.016460905,1.030566173,1.006865782,0.18125,33
0.63125,0.380952381,1,0.523809524,0.010169492,0.105084746,0.83461278,0.785829611,0.12,25
0.035,0.833333333,0.967213115,0.457446809,0.006476684,0.014248705,1.785551911,1.184528605,0.20625,31
0.735,0.235294118,1,0.590909091,0.051886792,0.028301887,1.011894045,0.99876815,0.09125,25
0.0625,0.471698113,0.969072165,0.579881657,0,0.001176471,1.176151922,1.295723642,0.3175,44
0.06125,0.372881356,0.936170213,0.436708861,0,0.010652463,1.194572731,1.264038135,0.30875,42
0.05125,0.444444444,0.947368421,0.497326203,0.003567182,0.029726516,1.453349546,1.308402757,0.31125,38
0.4925,0.565217391,1,0.533333333,0.002463054,0.014778325,0.872963661,1.005219676,0.18,31
0.0525,0.810810811,0.951807229,0.448863636,0.009501188,0.016627078,1.183239399,1.288645665,0.38625,44
0.4775,0.75,0.942307692,0.436170213,0.007177033,0.014354067,1.057194107,0.961621018,0.17875,40
0.13,0.404255319,0.976190476,0.355555556,0,0.018678161,1.082336844,1.142797998,0.31875,46
0.2775,0.441176471,0.921568627,0.62745098,0.010380623,0.001730104,0.755171888,1.019055414,0.3325,41
0.05,0.658536585,0.991803279,0.558974359,0,0.025,1.408728946,1.237563422,0.32,37
0.13875,0.538461538,0.976470588,0.402597403,0,0.014513788,1.148363797,1.180194883,0.26,45
0.425,0.739130435,0.9,0.515789474,0.002173913,0.017391304,0.841653058,0.967568749,0.23125,40
0.44625,0.761904762,0.980392157,0.444444444,0.002257336,0.029345372,1.111742576,1.112579064,0.1875,34
0.3875,0.64,1,0.489130435,0.030612245,0.02244898,1.183226307,1.048912009,0.2,31
0.46,0.392857143,1,0.569892473,0.009259259,0.020833333,1.110423428,1.085853932,0.16375,40
0.2325,0.575757576,0.975609756,0.438356164,0.003257329,0.052117264,1.185400833,1.233634127,0.2425,35
0.05125,0.226666667,0.984615385,0.527363184,0.001189061,0.045184304,1.176099785,1.199604792,0.28,40
0.5775,0.923076923,1,0.611111111,0,0.014792899,1.298695553,0.902732654,0.1225,30
0.47875,0.736842105,0.978723404,0.364705882,0,0.016786571,1.036725022,1.108244857,0.165,40
0.3,0.575757576,0.987654321,0.403361345,0.033928571,0.014285714,1.40380501,1.286494177,0.1475,32
0.7225,1,1,0.529411765,0.013513514,0.067567568,0.596820598,0.394884246,0.07,27
0.415,0.8,0.982142857,0.421568627,0.002136752,0.023504274,1.134337515,1.039105123,0.1825,36
0.25875,0.542857143,0.988888889,0.569230769,0.011804384,0.038785835,1.275161353,1.198177339,0.2125,34
0.05125,0.675675676,0.99047619,0.463414634,0.002378121,0.022592152,1.309026957,1.21797695,0.2975,30
0.07625,0.742857143,0.968085106,0.4625,0.0135318,0.00405954,1.120352316,1.095344511,0.29,39
0.5625,0.555555556,0.981481481,0.527777778,0.005714286,0.022857143,1.025009086,0.876469744,0.1275,30
0.05875,0.842105263,0.984732824,0.631313131,0.008264463,0.066115702,1.367381417,1.137751592,0.29625,30
0.4075,0.363636364,0.967213115,0.440860215,0,0.008438819,1.179432536,1.095680932,0.19375,40
0.25625,0.35,0.968421053,0.44516129,0.030252101,0.053781513,1.239859521,1.147601419,0.24,32
0.51875,0.545454545,0.980769231,0.420454545,0.002597403,0.007792208,1.046678798,1.062245634,0.17875,36
0.55125,0.714285714,0.934782609,0.474358974,0.002785515,0.025069638,1.144519054,0.906629674,0.14375,31
0.5425,0.722222222,1,0.432098765,0.00273224,0.021857923,1.147970757,0.887647222,0.1525,30
0.06125,0.303030303,0.952380952,0.516304348,0,0.003533569,1.287646383,1.283132678,0.33,47
0.46625,0.444444444,0.963636364,0.431192661,0,0.004683841,1.34792109,1.137942809,0.16,40
0.4075,0.481481481,0.936507937,0.41509434,0.050632911,0.073839662,1.075981984,1.093140633,0.22,35
0.3825,0.285714286,0.987654321,0.357798165,0.026315789,0.012145749,1.285167558,1.025593719,0.17625,33
0.62,0.666666667,0.939393939,0.515625,0.009868421,0.023026316,1.084238452,0.851512518,0.14125,36
0.4625,0.64,0.983050847,0.525773196,0.002325581,0.006976744,1.239105233,1.10422237,0.14875,36
0.0225,0.413793103,0.95,0.520958084,0.002444988,0.001222494,1.192630449,1.303813158,0.34875,48
0.30875,0.615384615,0.986842105,0.577981651,0.001808318,0.012658228,1.337429081,1.178543525,0.16875,40
0.17,0.621621622,0.988505747,0.446153846,0.001506024,0.006024096,1.31695851,1.16399121,0.2775,40
0.06125,0.675,0.958333333,0.363095238,0.002355713,0.016489988,1.253696989,1.235336431,0.33875,40
0.05875,0.49122807,0.948453608,0.431372549,0.016528926,0.010625738,1.209915958,1.217418621,0.34875,42
0.0575,0.736842105,0.971153846,0.403508772,0,0.00132626,1.294725992,1.25247517,0.32375,40
0.0425,0.933333333,0.980582524,0.553672316,0.002610966,0.053524804,1.347750842,1.053616926,0.26875,32
0.1125,0.434782609,0.988505747,0.560810811,0.005633803,0.009859155,1.228594852,1.196134011,0.26,36
0.10375,0.65,1,0.538011696,0.0041841,0.013947001,1.558093724,1.224451478,0.20875,40
0.995,0,1,1,0.25,0.25,0,0,0.00375,10
0.015,0.741935484,1,0.351955307,0.002538071,0.012690355,1.546073704,1.272844196,0.2675,33
0.0425,0.555555556,0.973913043,0.396135266,0,0.025179856,1.2640454,1.304085456,0.2875,44
0.045,0.90625,0.96039604,0.505681818,0,0.034031414,1.312917561,1.103499871,0.27375,35
0.02,0.777777778,0.989010989,0.440217391,0.015931373,0.044117647,1.239752118,1.077558724,0.30875,30
0.055,0.851851852,0.991935484,0.391061453,0.001184834,0.017772512,1.199180762,1.150749092,0.3225,35
0.31875,0.314285714,0.98630137,0.427184466,0.00733945,0.095412844,0.979445848,1.074953518,0.19,32
0.02,0.487804878,0.882978723,0.411428571,0.007352941,0.028186275,1.363029377,1.177396674,0.34625,40
0.2975,0.358974359,0.986111111,0.433628319,0.008896797,0.019572954,1.041788083,1.10876382,0.21375,40
0.41625,0.482758621,0.955223881,0.539215686,0.002141328,0.004282655,1.142114668,1.085210681,0.19375,40